theta,sigma,rho,kappa,v0,time
0.04333465950745484,0.30270947487858435,-0.4290288543353442,0.15802020155634477,0.1017033872259522,01:30:42
