theta,sigma,rho,kappa,v0,time
0.13534127886807934,1.9980229896476442,-8.339447120642163e-07,1.3936248506732918,0.00010197494957664421,00:05:28
