theta,sigma,rho,kappa,v0,time
0.10724175000000001,1.598667,-0.38998,1.471919,1.12e-05,00:00:20
