theta,sigma,rho,kappa,v0,time
0.2890339515,0.45712206,-0.44775045,0.15,0.00031329000000000003,00:00:14
